{
   "DFMA_human_vs_gpt3_5": {
      "t_stat": 0.6887851671929807,
      "p_val": 0.5083235020790675
   },
   "DFMA_human_vs_gpt4o": {
      "t_stat": -0.2367225334655192,
      "p_val": 0.8181720914360315
   },
   "KOMPL_human_vs_gpt3_5": {
      "t_stat": -0.43142356827235956,
      "p_val": 0.6763102834637404
   },
   "KOMPL_human_vs_gpt4o": {
      "t_stat": -0.04577237389844248,
      "p_val": 0.9644912185199732
   },
   "MRW_human_vs_gpt3_5": {
      "t_stat": -1.1479704400835018,
      "p_val": 0.28057809875884954
   },
   "MRW_human_vs_gpt4o": {
      "t_stat": -1.299426119905869,
      "p_val": 0.22609482326846742
   },
   "O_human_vs_gpt3_5": {
      "t_stat": 53.9310584543304,
      "p_val": 1.3027356970951587e-12
   },
   "O_human_vs_gpt4o": {
      "t_stat": 1.596376260856321,
      "p_val": 0.14486923540059582
   },
   "PERS_human_vs_gpt3_5": {
      "t_stat": -35.97301038229133,
      "p_val": 4.906430817186447e-11
   },
   "PERS_human_vs_gpt4o": {
      "t_stat": -1.7344842878739941,
      "p_val": 0.11685942743110345
   },
   "WIDLII_human_vs_gpt3_5": {
      "t_stat": -1.987680080354204,
      "p_val": 0.07808787694367414
   },
   "WIDLII_human_vs_gpt4o": {
      "t_stat": -0.8642968339351162,
      "p_val": 0.40986854011885754
   },
   "MRW\\_DIR_human_vs_gpt3_5": {
      "t_stat": -5.0823462381853695,
      "p_val": 0.0006607334986499236
   },
   "MRW\\_DIR_human_vs_gpt4o": {
      "t_stat": NaN,
      "p_val": NaN
   }
}