{
   "METAPHOR_human_vs_gpt3_5": {
      "t_stat": -1.572363723300458,
      "p_val": 0.1503160974008697
   },
   "METAPHOR_human_vs_gpt4o": {
      "t_stat": -1.5130729472137803,
      "p_val": 0.16455502808500966
   },
   "O_human_vs_gpt3_5": {
      "t_stat": 1.5720070933731074,
      "p_val": 0.15039835566662552
   },
   "O_human_vs_gpt4o": {
      "t_stat": 1.5126909203877854,
      "p_val": 0.16465051987861834
   }
}