{
   "DFMA_human_vs_gpt3_5": {
      "t_stat": 0.6887851671929807,
      "p_val": 0.5083235020790675
   },
   "DFMA_human_vs_gpt4o": {
      "t_stat": -0.2367225334655192,
      "p_val": 0.8181720914360315
   },
   "METAPHOR_human_vs_gpt3_5": {
      "t_stat": -1.5770933120767643,
      "p_val": 0.14922899271629309
   },
   "METAPHOR_human_vs_gpt4o": {
      "t_stat": -1.494554242400271,
      "p_val": 0.1692405624376816
   },
   "O_human_vs_gpt3_5": {
      "t_stat": 1.4912873911335296,
      "p_val": 0.1700791989722612
   },
   "O_human_vs_gpt4o": {
      "t_stat": 1.596376260856321,
      "p_val": 0.14486923540059582
   }
}