{
   "KOMPL_human_vs_gpt3_5": {
      "t_stat": -0.43856008750912256,
      "p_val": 0.6713190684468273
   },
   "KOMPL_human_vs_gpt4o": {
      "t_stat": -0.05097539844271067,
      "p_val": 0.960458558512332
   },
   "MRW_human_vs_gpt3_5": {
      "t_stat": -1.1402971848727557,
      "p_val": 0.28359806398344367
   },
   "MRW_human_vs_gpt4o": {
      "t_stat": -1.3153661936495118,
      "p_val": 0.22090914852457466
   },
   "O_human_vs_gpt3_5": {
      "t_stat": 53.799546528045305,
      "p_val": 1.3316014957354128e-12
   },
   "O_human_vs_gpt4o": {
      "t_stat": 1.5126909203877854,
      "p_val": 0.16465051987861834
   },
   "PERS_human_vs_gpt3_5": {
      "t_stat": -36.05635650162404,
      "p_val": 4.8059334289973776e-11
   },
   "PERS_human_vs_gpt4o": {
      "t_stat": -1.713247608883166,
      "p_val": 0.12081702655104865
   },
   "WIDLII_human_vs_gpt3_5": {
      "t_stat": -1.9862682299364083,
      "p_val": 0.07826565474470781
   },
   "WIDLII_human_vs_gpt4o": {
      "t_stat": -0.8776341598302677,
      "p_val": 0.40296219067350125
   },
   "MRW\\_DIR_human_vs_gpt3_5": {
      "t_stat": -5.066746055996249,
      "p_val": 0.0006748398701854619
   },
   "MRW\\_DIR_human_vs_gpt4o": {
      "t_stat": NaN,
      "p_val": NaN
   }
}