{
   "METAPHOR": {
      "human_vs_gpt3-5": {
         "wilcoxon": {
            "p_value": 0.083984375,
            "t_stat": 10.0
         },
         "paired_t_test": {
            "p_value": 0.05491655359472391,
            "t_stat": -2.2047160656420037
         }
      },
      "human_vs_gpt4o": {
         "wilcoxon": {
            "p_value": 0.037109375,
            "t_stat": 7.0
         },
         "paired_t_test": {
            "p_value": 0.03523724628476628,
            "t_stat": -2.4757334017466297
         }
      },
      "gpts": {
         "wilcoxon": {
            "p_value": 0.625,
            "t_stat": 22.0
         },
         "paired_t_test": {
            "p_value": 0.8366953063175266,
            "t_stat": 0.21217839124586657
         }
      }
   },
   "O": {
      "human_vs_gpt3-5": {
         "wilcoxon": {
            "p_value": 0.083984375,
            "t_stat": 10.0
         },
         "paired_t_test": {
            "p_value": 0.05499479966230842,
            "t_stat": 2.2038431246471273
         }
      },
      "human_vs_gpt4o": {
         "wilcoxon": {
            "p_value": 0.037109375,
            "t_stat": 7.0
         },
         "paired_t_test": {
            "p_value": 0.035278045613202115,
            "t_stat": 2.4750280968915472
         }
      },
      "gpts": {
         "wilcoxon": {
            "p_value": 0.625,
            "t_stat": 22.0
         },
         "paired_t_test": {
            "p_value": 0.8366953063175273,
            "t_stat": -0.2121783912458657
         }
      }
   }
}